type,cpu,memory,instance_count,data_size,row_count,column_count,task_name,duration,engine,success
Standard_D8s_v3,8,32,2,15.0,18132237,179,group_by,534.11,spark,1
Standard_D8s_v3,8,32,2,15.0,18132237,179,group_by,186.94,polars,1
Standard_D8s_v3,8,32,2,30.0,36264474,179,group_by,2562.12,spark,1
Standard_D8s_v3,8,32,2,30.0,36264474,179,group_by,896.74,polars,1
Standard_D8s_v3,8,32,2,1.0,1208815,179,group_by,1.47,spark,1
Standard_D8s_v3,8,32,2,1.0,1208815,179,group_by,2.9,polars,1
Standard_D8s_v3,8,32,2,3.0,3626447,179,group_by,16.94,spark,1
Standard_D8s_v3,8,32,2,3.0,3626447,179,group_by,5.93,polars,1
Standard_D8s_v3,8,32,2,3.0,3626447,179,group_by,17.43,spark,1
Standard_D8s_v3,8,32,2,3.0,3626447,179,group_by,6.1,polars,1
Standard_D8s_v3,8,32,2,21.0,25385132,179,group_by,1076.35,spark,1
Standard_D8s_v3,8,32,2,21.0,25385132,179,group_by,376.72,polars,1
Standard_D8s_v3,8,32,2,78.0,94287633,179,group_by,22091.82,spark,1
Standard_D8s_v3,8,32,2,78.0,94287633,179,group_by,0.0,polars,0
Standard_D8s_v3,8,32,2,21.0,25385132,179,group_by,1146.67,spark,1
Standard_D8s_v3,8,32,2,21.0,25385132,179,group_by,401.33,polars,1
Standard_D8s_v3,8,32,2,3.0,3626447,179,group_by,15.41,spark,1
Standard_D8s_v3,8,32,2,3.0,3626447,179,group_by,5.39,polars,1
Standard_D8s_v3,8,32,2,48.0,58023159,179,group_by,7485.22,spark,1
Standard_D8s_v3,8,32,2,48.0,58023159,179,group_by,0.0,polars,0
Standard_D8s_v3,8,32,2,12.0,14505789,179,group_by,378.01,spark,1
Standard_D8s_v3,8,32,2,12.0,14505789,179,group_by,132.3,polars,1
Standard_D8s_v3,8,32,2,60.0,72528948,179,group_by,11899.57,spark,1
Standard_D8s_v3,8,32,2,60.0,72528948,179,group_by,0.0,polars,0
Standard_D8s_v3,8,32,2,3.0,3626447,179,group_by,15.34,spark,1
Standard_D8s_v3,8,32,2,3.0,3626447,179,group_by,5.37,polars,1
Standard_D8s_v3,8,32,2,9.0,10879342,179,group_by,158.25,spark,1
Standard_D8s_v3,8,32,2,9.0,10879342,179,group_by,55.39,polars,1
Standard_D8s_v3,8,32,2,42.0,50770264,179,group_by,4846.25,spark,1
Standard_D8s_v3,8,32,2,42.0,50770264,179,group_by,0.0,polars,0
Standard_D8s_v3,8,32,2,3.0,3626447,179,group_by,14.64,spark,1
Standard_D8s_v3,8,32,2,3.0,3626447,179,group_by,5.12,polars,1
Standard_D8s_v3,8,32,2,1.0,1208815,179,group_by,1.41,spark,1
Standard_D8s_v3,8,32,2,1.0,1208815,179,group_by,2.81,polars,1
Standard_D8s_v3,8,32,2,6.0,7252894,179,group_by,78.01,spark,1
Standard_D8s_v3,8,32,2,6.0,7252894,179,group_by,27.3,polars,1
Standard_D8s_v3,8,32,2,18.0,21758684,179,group_by,830.51,spark,1
Standard_D8s_v3,8,32,2,18.0,21758684,179,group_by,290.68,polars,1
Standard_D8s_v3,8,32,2,54.0,65276054,179,group_by,10518.33,spark,1
Standard_D8s_v3,8,32,2,54.0,65276054,179,group_by,0.0,polars,0
Standard_D8s_v3,8,32,2,21.0,25385132,179,group_by,1147.99,spark,1
Standard_D8s_v3,8,32,2,21.0,25385132,179,group_by,401.8,polars,1
Standard_D8s_v3,8,32,2,30.0,36264474,179,group_by,2795.88,spark,1
Standard_D8s_v3,8,32,2,30.0,36264474,179,group_by,978.56,polars,1
Standard_D8s_v3,8,32,2,12.0,14505789,179,group_by,334.15,spark,1
Standard_D8s_v3,8,32,2,12.0,14505789,179,group_by,116.95,polars,1
Standard_D8s_v3,8,32,2,3.0,3626447,179,group_by,15.68,spark,1
Standard_D8s_v3,8,32,2,3.0,3626447,179,group_by,5.49,polars,1
Standard_D8s_v3,8,32,2,6.0,7252894,179,group_by,70.76,spark,1
Standard_D8s_v3,8,32,2,6.0,7252894,179,group_by,24.77,polars,1
Standard_D8s_v3,8,32,2,18.0,21758684,179,group_by,747.71,spark,1
Standard_D8s_v3,8,32,2,18.0,21758684,179,group_by,261.7,polars,1
Standard_D8s_v3,8,32,2,6.0,7252894,179,group_by,71.0,spark,1
Standard_D8s_v3,8,32,2,6.0,7252894,179,group_by,24.85,polars,1
Standard_D8s_v3,8,32,2,3.0,3626447,179,group_by,19.12,spark,1
Standard_D8s_v3,8,32,2,3.0,3626447,179,group_by,6.69,polars,1
Standard_D8s_v3,8,32,2,9.0,10879342,179,group_by,164.72,spark,1
Standard_D8s_v3,8,32,2,9.0,10879342,179,group_by,57.65,polars,1
Standard_D8s_v3,8,32,2,48.0,58023159,179,group_by,8077.83,spark,1
Standard_D8s_v3,8,32,2,48.0,58023159,179,group_by,0.0,polars,0
Standard_D8s_v3,8,32,2,18.0,21758684,179,group_by,874.46,spark,1
Standard_D8s_v3,8,32,2,18.0,21758684,179,group_by,306.06,polars,1
Standard_D8s_v3,8,32,2,3.0,3626447,179,group_by,15.89,spark,1
Standard_D8s_v3,8,32,2,3.0,3626447,179,group_by,5.56,polars,1
Standard_D8s_v3,8,32,2,3.0,3626447,179,group_by,18.59,spark,1
Standard_D8s_v3,8,32,2,3.0,3626447,179,group_by,6.51,polars,1
Standard_D8s_v3,8,32,2,3.0,3626447,179,group_by,14.75,spark,1
Standard_D8s_v3,8,32,2,3.0,3626447,179,group_by,5.16,polars,1
Standard_D8s_v3,8,32,2,1.0,1208815,179,group_by,1.15,spark,1
Standard_D8s_v3,8,32,2,1.0,1208815,179,group_by,2.3,polars,1
Standard_D8s_v3,8,32,2,3.0,3626447,179,group_by,16.36,spark,1
Standard_D8s_v3,8,32,2,3.0,3626447,179,group_by,5.73,polars,1
Standard_D8s_v3,8,32,2,3.0,3626447,179,group_by,15.92,spark,1
Standard_D8s_v3,8,32,2,3.0,3626447,179,group_by,5.57,polars,1
Standard_D8s_v3,8,32,2,3.0,3626447,179,group_by,16.42,spark,1
Standard_D8s_v3,8,32,2,3.0,3626447,179,group_by,5.75,polars,1
Standard_D8s_v3,8,32,2,66.0,79781843,179,group_by,13626.23,spark,1
Standard_D8s_v3,8,32,2,66.0,79781843,179,group_by,0.0,polars,0
Standard_D8s_v3,8,32,2,1.0,1208815,179,group_by,1.42,spark,1
Standard_D8s_v3,8,32,2,1.0,1208815,179,group_by,2.7,polars,1
Standard_D8s_v3,8,32,2,3.0,3626447,179,group_by,15.39,spark,1
Standard_D8s_v3,8,32,2,3.0,3626447,179,group_by,5.39,polars,1
Standard_D8s_v3,8,32,2,15.0,18132237,179,group_by,570.35,spark,1
Standard_D8s_v3,8,32,2,15.0,18132237,179,group_by,199.62,polars,1
Standard_D8s_v3,8,32,2,33.0,39890921,179,join,654.32,spark,1
Standard_D8s_v3,8,32,2,33.0,39890921,179,join,0.0,polars,0
Standard_D8s_v3,8,32,2,21.0,25385132,179,join,320.67,spark,1
Standard_D8s_v3,8,32,2,21.0,25385132,179,join,112.23,polars,1
Standard_D8s_v3,8,32,2,3.0,3626447,179,join,15.74,spark,1
Standard_D8s_v3,8,32,2,3.0,3626447,179,join,5.51,polars,1
Standard_D8s_v3,8,32,2,78.0,94287633,179,join,2409.82,spark,1
Standard_D8s_v3,8,32,2,78.0,94287633,179,join,0.0,polars,0
Standard_D8s_v3,8,32,2,6.0,7252894,179,join,46.28,spark,1
Standard_D8s_v3,8,32,2,6.0,7252894,179,join,16.2,polars,1
Standard_D8s_v3,8,32,2,15.0,18132237,179,join,168.37,spark,1
Standard_D8s_v3,8,32,2,15.0,18132237,179,join,58.93,polars,1
Standard_D8s_v3,8,32,2,12.0,14505789,179,join,123.83,spark,1
Standard_D8s_v3,8,32,2,12.0,14505789,179,join,43.34,polars,1
Standard_D8s_v3,8,32,2,12.0,14505789,179,join,124.33,spark,1
Standard_D8s_v3,8,32,2,12.0,14505789,179,join,43.51,polars,1
Standard_D8s_v3,8,32,2,9.0,10879342,179,join,96.38,spark,1
Standard_D8s_v3,8,32,2,9.0,10879342,179,join,33.73,polars,1
Standard_D8s_v3,8,32,2,57.0,68902501,179,join,1530.31,spark,1
Standard_D8s_v3,8,32,2,57.0,68902501,179,join,0.0,polars,0
Standard_D8s_v3,8,32,2,1.0,1208815,179,join,2.86,spark,1
Standard_D8s_v3,8,32,2,1.0,1208815,179,join,5.73,polars,1
Standard_D8s_v3,8,32,2,3.0,3626447,179,join,17.87,spark,1
Standard_D8s_v3,8,32,2,3.0,3626447,179,join,6.25,polars,1
Standard_D8s_v3,8,32,2,33.0,39890921,179,join,642.17,spark,1
Standard_D8s_v3,8,32,2,33.0,39890921,179,join,0.0,polars,0
Standard_D8s_v3,8,32,2,30.0,36264474,179,join,642.41,spark,1
Standard_D8s_v3,8,32,2,30.0,36264474,179,join,224.84,polars,1
Standard_D8s_v3,8,32,2,12.0,14505789,179,join,129.39,spark,1
Standard_D8s_v3,8,32,2,12.0,14505789,179,join,45.29,polars,1
Standard_D8s_v3,8,32,2,30.0,36264474,179,join,563.64,spark,1
Standard_D8s_v3,8,32,2,30.0,36264474,179,join,0.0,polars,0
Standard_D8s_v3,8,32,2,3.0,3626447,179,join,16.61,spark,1
Standard_D8s_v3,8,32,2,3.0,3626447,179,join,5.81,polars,1
Standard_D8s_v3,8,32,2,69.0,83408291,179,join,1779.31,spark,1
Standard_D8s_v3,8,32,2,69.0,83408291,179,join,0.0,polars,0
Standard_D8s_v3,8,32,2,27.0,32638027,179,join,440.4,spark,1
Standard_D8s_v3,8,32,2,27.0,32638027,179,join,154.14,polars,1
Standard_D8s_v3,8,32,2,30.0,36264474,179,join,676.88,spark,1
Standard_D8s_v3,8,32,2,30.0,36264474,179,join,236.91,polars,1
Standard_D8s_v3,8,32,2,27.0,32638027,179,join,500.58,spark,1
Standard_D8s_v3,8,32,2,27.0,32638027,179,join,175.2,polars,1
Standard_D8s_v3,8,32,2,6.0,7252894,179,join,44.1,spark,1
Standard_D8s_v3,8,32,2,6.0,7252894,179,join,15.43,polars,1
Standard_D8s_v3,8,32,2,9.0,10879342,179,join,95.19,spark,1
Standard_D8s_v3,8,32,2,9.0,10879342,179,join,33.31,polars,1
Standard_D8s_v3,8,32,2,21.0,25385132,179,join,338.7,spark,1
Standard_D8s_v3,8,32,2,21.0,25385132,179,join,118.55,polars,1
Standard_D8s_v3,8,32,2,15.0,18132237,179,join,181.57,spark,1
Standard_D8s_v3,8,32,2,15.0,18132237,179,join,63.55,polars,1
Standard_D8s_v3,8,32,2,3.0,3626447,179,join,16.87,spark,1
Standard_D8s_v3,8,32,2,3.0,3626447,179,join,5.9,polars,1
Standard_D8s_v3,8,32,2,15.0,18132237,179,join,190.73,spark,1
Standard_D8s_v3,8,32,2,15.0,18132237,179,join,66.76,polars,1
Standard_D8s_v3,8,32,2,15.0,18132237,179,join,201.73,spark,1
Standard_D8s_v3,8,32,2,15.0,18132237,179,join,70.61,polars,1
Standard_D8s_v3,8,32,2,45.0,54396711,179,join,880.16,spark,1
Standard_D8s_v3,8,32,2,45.0,54396711,179,join,0.0,polars,0
Standard_D8s_v3,8,32,2,33.0,39890921,179,join,641.21,spark,1
Standard_D8s_v3,8,32,2,33.0,39890921,179,join,0.0,polars,0
Standard_D8s_v3,8,32,2,42.0,50770264,179,join,814.5,spark,1
Standard_D8s_v3,8,32,2,42.0,50770264,179,join,0.0,polars,0
Standard_D8s_v3,8,32,2,3.0,3626447,179,join,15.54,spark,1
Standard_D8s_v3,8,32,2,3.0,3626447,179,join,5.44,polars,1
Standard_D8s_v3,8,32,2,33.0,39890921,179,join,685.57,spark,1
Standard_D8s_v3,8,32,2,33.0,39890921,179,join,0.0,polars,0
Standard_D8s_v3,8,32,2,18.0,21758684,179,join,258.63,spark,1
Standard_D8s_v3,8,32,2,18.0,21758684,179,join,90.52,polars,1
Standard_D8s_v3,8,32,2,39.0,47143816,179,join,813.88,spark,1
Standard_D8s_v3,8,32,2,39.0,47143816,179,join,0.0,polars,0
Standard_D8s_v3,8,32,2,1.0,1208815,179,join,3.15,spark,1
Standard_D8s_v3,8,32,2,1.0,1208815,179,join,6.31,polars,1
Standard_D8s_v3,8,32,2,3.0,3626447,179,join,14.94,spark,1
Standard_D8s_v3,8,32,2,3.0,3626447,179,join,5.23,polars,1
Standard_D8s_v3,8,32,2,42.0,50770264,179,join,873.08,spark,1
Standard_D8s_v3,8,32,2,42.0,50770264,179,join,0.0,polars,0
Standard_D8s_v3,8,32,2,12.0,14505789,179,join,121.87,spark,1
Standard_D8s_v3,8,32,2,12.0,14505789,179,join,42.66,polars,1
Standard_D8s_v3,8,32,2,33.0,39890921,179,join,642.07,spark,1
Standard_D8s_v3,8,32,2,33.0,39890921,179,join,0.0,polars,0
Standard_D8s_v3,8,32,2,3.0,3626447,179,join,15.85,spark,1
Standard_D8s_v3,8,32,2,3.0,3626447,179,join,5.55,polars,1
Standard_D8s_v3,8,32,2,21.0,25385132,179,join,287.56,spark,1
Standard_D8s_v3,8,32,2,21.0,25385132,179,join,0.0,polars,0
Standard_D8s_v3,8,32,2,27.0,32638027,179,union,471.38,spark,1
Standard_D8s_v3,8,32,2,27.0,32638027,179,union,164.98,polars,1
Standard_D8s_v3,8,32,2,1.0,1208815,179,union,1.62,spark,1
Standard_D8s_v3,8,32,2,1.0,1208815,179,union,3.25,polars,1
Standard_D8s_v3,8,32,2,33.0,39890921,179,union,672.99,spark,1
Standard_D8s_v3,8,32,2,33.0,39890921,179,union,0.0,polars,0
Standard_D8s_v3,8,32,2,6.0,7252894,179,union,31.74,spark,1
Standard_D8s_v3,8,32,2,6.0,7252894,179,union,11.11,polars,1
Standard_D8s_v3,8,32,2,9.0,10879342,179,union,69.98,spark,1
Standard_D8s_v3,8,32,2,9.0,10879342,179,union,24.49,polars,1
Standard_D8s_v3,8,32,2,3.0,3626447,179,union,10.44,spark,1
Standard_D8s_v3,8,32,2,3.0,3626447,179,union,3.65,polars,1
Standard_D8s_v3,8,32,2,9.0,10879342,179,union,63.49,spark,1
Standard_D8s_v3,8,32,2,9.0,10879342,179,union,22.22,polars,1
Standard_D8s_v3,8,32,2,9.0,10879342,179,union,67.55,spark,1
Standard_D8s_v3,8,32,2,9.0,10879342,179,union,23.64,polars,1
Standard_D8s_v3,8,32,2,27.0,32638027,179,union,387.21,spark,1
Standard_D8s_v3,8,32,2,27.0,32638027,179,union,135.52,polars,1
Standard_D8s_v3,8,32,2,9.0,10879342,179,union,65.6,spark,1
Standard_D8s_v3,8,32,2,9.0,10879342,179,union,22.96,polars,1
Standard_D8s_v3,8,32,2,3.0,3626447,179,union,10.19,spark,1
Standard_D8s_v3,8,32,2,3.0,3626447,179,union,3.57,polars,1
Standard_D8s_v3,8,32,2,12.0,14505789,179,union,113.86,spark,1
Standard_D8s_v3,8,32,2,12.0,14505789,179,union,39.85,polars,1
Standard_D8s_v3,8,32,2,72.0,87034738,179,union,2141.0,spark,1
Standard_D8s_v3,8,32,2,72.0,87034738,179,union,0.0,polars,0
Standard_D8s_v3,8,32,2,6.0,7252894,179,union,38.49,spark,1
Standard_D8s_v3,8,32,2,6.0,7252894,179,union,13.47,polars,1
Standard_D8s_v3,8,32,2,24.0,29011579,179,union,382.62,spark,1
Standard_D8s_v3,8,32,2,24.0,29011579,179,union,133.92,polars,1
Standard_D8s_v3,8,32,2,27.0,32638027,179,union,423.02,spark,1
Standard_D8s_v3,8,32,2,27.0,32638027,179,union,148.06,polars,1
Standard_D8s_v3,8,32,2,1.0,1208815,179,union,2.01,spark,1
Standard_D8s_v3,8,32,2,1.0,1208815,179,union,4.03,polars,1
Standard_D8s_v3,8,32,2,54.0,65276054,179,union,1365.76,spark,1
Standard_D8s_v3,8,32,2,54.0,65276054,179,union,0.0,polars,0
Standard_D8s_v3,8,32,2,1.0,1208815,179,union,1.57,spark,1
Standard_D8s_v3,8,32,2,1.0,1208815,179,union,3.15,polars,1
Standard_D8s_v3,8,32,2,6.0,7252894,179,union,29.38,spark,1
Standard_D8s_v3,8,32,2,6.0,7252894,179,union,10.28,polars,1
Standard_D8s_v3,8,32,2,6.0,7252894,179,union,31.8,spark,1
Standard_D8s_v3,8,32,2,6.0,7252894,179,union,11.13,polars,1
Standard_D8s_v3,8,32,2,6.0,7252894,179,union,32.89,spark,1
Standard_D8s_v3,8,32,2,6.0,7252894,179,union,11.51,polars,1
Standard_D8s_v3,8,32,2,1.0,1208815,179,union,1.69,spark,1
Standard_D8s_v3,8,32,2,1.0,1208815,179,union,3.39,polars,1
Standard_D8s_v3,8,32,2,6.0,7252894,179,union,39.59,spark,1
Standard_D8s_v3,8,32,2,6.0,7252894,179,union,13.86,polars,1
Standard_D8s_v3,8,32,2,3.0,3626447,179,union,11.42,spark,1
Standard_D8s_v3,8,32,2,3.0,3626447,179,union,4.0,polars,1
Standard_D8s_v3,8,32,2,9.0,10879342,179,union,71.61,spark,1
Standard_D8s_v3,8,32,2,9.0,10879342,179,union,25.06,polars,1
Standard_D8s_v3,8,32,2,1.0,1208815,179,union,1.54,spark,1
Standard_D8s_v3,8,32,2,1.0,1208815,179,union,3.08,polars,1
Standard_D8s_v3,8,32,2,24.0,29011579,179,union,334.33,spark,1
Standard_D8s_v3,8,32,2,24.0,29011579,179,union,117.02,polars,1
Standard_D8s_v3,8,32,2,3.0,3626447,179,union,9.47,spark,1
Standard_D8s_v3,8,32,2,3.0,3626447,179,union,3.32,polars,1
Standard_D8s_v3,8,32,2,39.0,47143816,179,union,763.49,spark,1
Standard_D8s_v3,8,32,2,39.0,47143816,179,union,0.0,polars,0
Standard_D8s_v3,8,32,2,1.0,1208815,179,union,1.74,spark,1
Standard_D8s_v3,8,32,2,1.0,1208815,179,union,3.48,polars,1
Standard_D8s_v3,8,32,2,6.0,7252894,179,union,34.23,spark,1
Standard_D8s_v3,8,32,2,6.0,7252894,179,union,11.98,polars,1
Standard_D8s_v3,8,32,2,12.0,14505789,179,union,101.33,spark,1
Standard_D8s_v3,8,32,2,12.0,14505789,179,union,35.46,polars,1
Standard_D8s_v3,8,32,2,21.0,25385132,179,union,284.03,spark,1
Standard_D8s_v3,8,32,2,21.0,25385132,179,union,99.41,polars,1
Standard_D8s_v3,8,32,2,30.0,36264474,179,union,584.8,spark,1
Standard_D8s_v3,8,32,2,30.0,36264474,179,union,204.68,polars,1
Standard_D8s_v3,8,32,2,72.0,87034738,179,union,2012.18,spark,1
Standard_D8s_v3,8,32,2,72.0,87034738,179,union,0.0,polars,0
Standard_D8s_v3,8,32,2,3.0,3626447,179,union,10.0,spark,1
Standard_D8s_v3,8,32,2,3.0,3626447,179,union,3.5,polars,1
Standard_D8s_v3,8,32,2,15.0,18132237,179,union,149.24,spark,1
Standard_D8s_v3,8,32,2,15.0,18132237,179,union,52.23,polars,1
Standard_D8s_v3,8,32,2,1.0,1208815,179,union,1.63,spark,1
Standard_D8s_v3,8,32,2,1.0,1208815,179,union,3.25,polars,1
Standard_D8s_v3,8,32,2,6.0,7252894,179,union,35.28,spark,1
Standard_D8s_v3,8,32,2,6.0,7252894,179,union,12.35,polars,1
Standard_D8s_v3,8,32,2,3.0,3626447,179,union,10.74,spark,1
Standard_D8s_v3,8,32,2,3.0,3626447,179,union,3.76,polars,1
Standard_D8s_v3,8,32,2,6.0,7252894,179,union,36.11,spark,1
Standard_D8s_v3,8,32,2,6.0,7252894,179,union,12.64,polars,1
Standard_D16s_v4,16,64,6,42.0,50770264,179,group_by,5713.08,spark,1
Standard_D16s_v4,16,64,6,42.0,50770264,179,group_by,1999.58,polars,1
Standard_D16s_v4,16,64,6,21.0,25385132,179,group_by,1176.25,spark,1
Standard_D16s_v4,16,64,6,21.0,25385132,179,group_by,411.69,polars,1
Standard_D16s_v4,16,64,6,1.0,1208815,179,group_by,1.33,spark,1
Standard_D16s_v4,16,64,6,1.0,1208815,179,group_by,2.67,polars,1
Standard_D16s_v4,16,64,6,3.0,3626447,179,group_by,14.87,spark,1
Standard_D16s_v4,16,64,6,3.0,3626447,179,group_by,5.2,polars,1
Standard_D16s_v4,16,64,6,3.0,3626447,179,group_by,18.99,spark,1
Standard_D16s_v4,16,64,6,3.0,3626447,179,group_by,6.65,polars,1
Standard_D16s_v4,16,64,6,3.0,3626447,179,group_by,16.8,spark,1
Standard_D16s_v4,16,64,6,3.0,3626447,179,group_by,5.88,polars,1
Standard_D16s_v4,16,64,6,6.0,7252894,179,group_by,70.68,spark,1
Standard_D16s_v4,16,64,6,6.0,7252894,179,group_by,24.74,polars,1
Standard_D16s_v4,16,64,6,6.0,7252894,179,group_by,69.09,spark,1
Standard_D16s_v4,16,64,6,6.0,7252894,179,group_by,24.18,polars,1
Standard_D16s_v4,16,64,6,3.0,3626447,179,group_by,16.29,spark,1
Standard_D16s_v4,16,64,6,3.0,3626447,179,group_by,5.7,polars,1
Standard_D16s_v4,16,64,6,80.0,96705265,179,group_by,22768.09,spark,1
Standard_D16s_v4,16,64,6,80.0,96705265,179,group_by,0.0,polars,0
Standard_D16s_v4,16,64,6,66.0,79781843,179,group_by,14197.72,spark,1
Standard_D16s_v4,16,64,6,66.0,79781843,179,group_by,0.0,polars,0
Standard_D16s_v4,16,64,6,24.0,29011579,179,group_by,1358.76,spark,1
Standard_D16s_v4,16,64,6,24.0,29011579,179,group_by,475.57,polars,1
Standard_D16s_v4,16,64,6,6.0,7252894,179,group_by,72.58,spark,1
Standard_D16s_v4,16,64,6,6.0,7252894,179,group_by,25.4,polars,1
Standard_D16s_v4,16,64,6,30.0,36264474,179,group_by,2454.09,spark,1
Standard_D16s_v4,16,64,6,30.0,36264474,179,group_by,858.93,polars,1
Standard_D16s_v4,16,64,6,3.0,3626447,179,group_by,15.32,spark,1
Standard_D16s_v4,16,64,6,3.0,3626447,179,group_by,5.36,polars,1
Standard_D16s_v4,16,64,6,3.0,3626447,179,group_by,14.34,spark,1
Standard_D16s_v4,16,64,6,3.0,3626447,179,group_by,5.02,polars,1
Standard_D16s_v4,16,64,6,6.0,7252894,179,group_by,72.07,spark,1
Standard_D16s_v4,16,64,6,6.0,7252894,179,group_by,25.22,polars,1
Standard_D16s_v4,16,64,6,6.0,7252894,179,group_by,80.56,spark,1
Standard_D16s_v4,16,64,6,6.0,7252894,179,group_by,28.19,polars,1
Standard_D16s_v4,16,64,6,3.0,3626447,179,group_by,17.45,spark,1
Standard_D16s_v4,16,64,6,3.0,3626447,179,group_by,6.11,polars,1
Standard_D16s_v4,16,64,6,3.0,3626447,179,group_by,16.32,spark,1
Standard_D16s_v4,16,64,6,3.0,3626447,179,group_by,5.71,polars,1
Standard_D16s_v4,16,64,6,6.0,7252894,179,group_by,76.65,spark,1
Standard_D16s_v4,16,64,6,6.0,7252894,179,group_by,26.83,polars,1
Standard_D16s_v4,16,64,6,15.0,18132237,179,group_by,467.3,spark,1
Standard_D16s_v4,16,64,6,15.0,18132237,179,group_by,163.55,polars,1
Standard_D16s_v4,16,64,6,15.0,18132237,179,group_by,553.46,spark,1
Standard_D16s_v4,16,64,6,15.0,18132237,179,group_by,193.71,polars,1
Standard_D16s_v4,16,64,6,3.0,3626447,179,group_by,16.09,spark,1
Standard_D16s_v4,16,64,6,3.0,3626447,179,group_by,5.63,polars,1
Standard_D16s_v4,16,64,6,1.0,1208815,179,group_by,1.31,spark,1
Standard_D16s_v4,16,64,6,1.0,1208815,179,group_by,2.02,polars,1
Standard_D16s_v4,16,64,6,15.0,18132237,179,group_by,509.76,spark,1
Standard_D16s_v4,16,64,6,15.0,18132237,179,group_by,178.42,polars,1
Standard_D16s_v4,16,64,6,54.0,65276054,179,group_by,9009.2,spark,1
Standard_D16s_v4,16,64,6,54.0,65276054,179,group_by,3153.22,polars,1
Standard_D16s_v4,16,64,6,12.0,14505789,179,group_by,326.91,spark,1
Standard_D16s_v4,16,64,6,12.0,14505789,179,group_by,114.42,polars,1
Standard_D16s_v4,16,64,6,3.0,3626447,179,group_by,16.15,spark,1
Standard_D16s_v4,16,64,6,3.0,3626447,179,group_by,5.65,polars,1
Standard_D16s_v4,16,64,6,63.0,76155396,179,group_by,14213.87,spark,1
Standard_D16s_v4,16,64,6,63.0,76155396,179,group_by,4974.86,polars,1
Standard_D16s_v4,16,64,6,3.0,3626447,179,group_by,16.1,spark,1
Standard_D16s_v4,16,64,6,3.0,3626447,179,group_by,5.64,polars,1
Standard_D16s_v4,16,64,6,33.0,39890921,179,group_by,2931.51,spark,1
Standard_D16s_v4,16,64,6,33.0,39890921,179,group_by,1026.03,polars,1
Standard_D16s_v4,16,64,6,3.0,3626447,179,group_by,14.92,spark,1
Standard_D16s_v4,16,64,6,3.0,3626447,179,group_by,5.22,polars,1
Standard_D16s_v4,16,64,6,33.0,39890921,179,group_by,3386.68,spark,1
Standard_D16s_v4,16,64,6,33.0,39890921,179,group_by,1185.34,polars,1
Standard_D16s_v4,16,64,6,12.0,14505789,179,group_by,360.66,spark,1
Standard_D16s_v4,16,64,6,12.0,14505789,179,group_by,126.23,polars,1
Standard_D16s_v4,16,64,6,3.0,3626447,179,group_by,14.1,spark,1
Standard_D16s_v4,16,64,6,3.0,3626447,179,group_by,4.93,polars,1
Standard_D16s_v4,16,64,6,48.0,58023159,179,group_by,7298.88,spark,1
Standard_D16s_v4,16,64,6,48.0,58023159,179,group_by,2554.61,polars,1
Standard_D16s_v4,16,64,6,9.0,10879342,179,group_by,179.65,spark,1
Standard_D16s_v4,16,64,6,9.0,10879342,179,group_by,62.88,polars,1
Standard_D16s_v4,16,64,6,36.0,43517369,179,group_by,3835.59,spark,1
Standard_D16s_v4,16,64,6,36.0,43517369,179,group_by,1342.46,polars,1
Standard_D16s_v4,16,64,6,3.0,3626447,179,group_by,15.15,spark,1
Standard_D16s_v4,16,64,6,3.0,3626447,179,group_by,5.3,polars,1
Standard_D16s_v4,16,64,6,3.0,3626447,179,group_by,14.76,spark,1
Standard_D16s_v4,16,64,6,3.0,3626447,179,group_by,5.16,polars,1
Standard_D16s_v4,16,64,6,3.0,3626447,179,group_by,14.77,spark,1
Standard_D16s_v4,16,64,6,3.0,3626447,179,group_by,5.17,polars,1
Standard_D16s_v4,16,64,6,9.0,10879342,179,join,88.81,spark,1
Standard_D16s_v4,16,64,6,9.0,10879342,179,join,31.08,polars,1
Standard_D16s_v4,16,64,6,3.0,3626447,179,join,16.91,spark,1
Standard_D16s_v4,16,64,6,3.0,3626447,179,join,5.92,polars,1
Standard_D16s_v4,16,64,6,6.0,7252894,179,join,46.18,spark,1
Standard_D16s_v4,16,64,6,6.0,7252894,179,join,16.16,polars,1
Standard_D16s_v4,16,64,6,15.0,18132237,179,join,183.15,spark,1
Standard_D16s_v4,16,64,6,15.0,18132237,179,join,64.1,polars,1
Standard_D16s_v4,16,64,6,33.0,39890921,179,join,595.59,spark,1
Standard_D16s_v4,16,64,6,33.0,39890921,179,join,208.46,polars,1
Standard_D16s_v4,16,64,6,3.0,3626447,179,join,16.41,spark,1
Standard_D16s_v4,16,64,6,3.0,3626447,179,join,5.74,polars,1
Standard_D16s_v4,16,64,6,69.0,83408291,179,join,1987.74,spark,1
Standard_D16s_v4,16,64,6,69.0,83408291,179,join,0.0,polars,0
Standard_D16s_v4,16,64,6,36.0,43517369,179,join,710.01,spark,1
Standard_D16s_v4,16,64,6,36.0,43517369,179,join,248.5,polars,1
Standard_D16s_v4,16,64,6,6.0,7252894,179,join,47.77,spark,1
Standard_D16s_v4,16,64,6,6.0,7252894,179,join,16.72,polars,1
Standard_D16s_v4,16,64,6,1.0,1208815,179,join,2.98,spark,1
Standard_D16s_v4,16,64,6,1.0,1208815,179,join,5.97,polars,1
Standard_D16s_v4,16,64,6,33.0,39890921,179,join,545.86,spark,1
Standard_D16s_v4,16,64,6,33.0,39890921,179,join,0.0,polars,0
Standard_D16s_v4,16,64,6,3.0,3626447,179,join,15.65,spark,1
Standard_D16s_v4,16,64,6,3.0,3626447,179,join,5.48,polars,1
Standard_D16s_v4,16,64,6,3.0,3626447,179,join,17.87,spark,1
Standard_D16s_v4,16,64,6,3.0,3626447,179,join,6.26,polars,1
Standard_D16s_v4,16,64,6,21.0,25385132,179,join,315.24,spark,1
Standard_D16s_v4,16,64,6,21.0,25385132,179,join,110.33,polars,1
Standard_D16s_v4,16,64,6,9.0,10879342,179,join,80.31,spark,1
Standard_D16s_v4,16,64,6,9.0,10879342,179,join,28.11,polars,1
Standard_D16s_v4,16,64,6,69.0,83408291,179,join,2020.6,spark,1
Standard_D16s_v4,16,64,6,69.0,83408291,179,join,0.0,polars,0
Standard_D16s_v4,16,64,6,1.0,1208815,179,join,2.62,spark,1
Standard_D16s_v4,16,64,6,1.0,1208815,179,join,5.24,polars,1
Standard_D16s_v4,16,64,6,15.0,18132237,179,join,177.89,spark,1
Standard_D16s_v4,16,64,6,15.0,18132237,179,join,62.26,polars,1
Standard_D16s_v4,16,64,6,69.0,83408291,179,join,1930.94,spark,1
Standard_D16s_v4,16,64,6,69.0,83408291,179,join,0.0,polars,0
Standard_D16s_v4,16,64,6,15.0,18132237,179,join,164.05,spark,1
Standard_D16s_v4,16,64,6,15.0,18132237,179,join,57.42,polars,1
Standard_D16s_v4,16,64,6,60.0,72528948,179,join,1503.91,spark,1
Standard_D16s_v4,16,64,6,60.0,72528948,179,join,0.0,polars,0
Standard_D16s_v4,16,64,6,1.0,1208815,179,join,3.05,spark,1
Standard_D16s_v4,16,64,6,1.0,1208815,179,join,6.11,polars,1
Standard_D16s_v4,16,64,6,48.0,58023159,179,join,1016.86,spark,1
Standard_D16s_v4,16,64,6,48.0,58023159,179,join,355.9,polars,1
Standard_D16s_v4,16,64,6,27.0,32638027,179,join,466.71,spark,1
Standard_D16s_v4,16,64,6,27.0,32638027,179,join,163.35,polars,1
Standard_D16s_v4,16,64,6,24.0,29011579,179,join,439.89,spark,1
Standard_D16s_v4,16,64,6,24.0,29011579,179,join,153.96,polars,1
Standard_D16s_v4,16,64,6,1.0,1208815,179,join,2.93,spark,1
Standard_D16s_v4,16,64,6,1.0,1208815,179,join,5.86,polars,1
Standard_D16s_v4,16,64,6,6.0,7252894,179,join,46.23,spark,1
Standard_D16s_v4,16,64,6,6.0,7252894,179,join,16.18,polars,1
Standard_D16s_v4,16,64,6,24.0,29011579,179,join,378.24,spark,1
Standard_D16s_v4,16,64,6,24.0,29011579,179,join,132.38,polars,1
Standard_D16s_v4,16,64,6,36.0,43517369,179,join,737.19,spark,1
Standard_D16s_v4,16,64,6,36.0,43517369,179,join,258.02,polars,1
Standard_D16s_v4,16,64,6,42.0,50770264,179,join,935.31,spark,1
Standard_D16s_v4,16,64,6,42.0,50770264,179,join,327.36,polars,1
Standard_D16s_v4,16,64,6,3.0,3626447,179,join,16.8,spark,1
Standard_D16s_v4,16,64,6,3.0,3626447,179,join,5.88,polars,1
Standard_D16s_v4,16,64,6,30.0,36264474,179,join,567.85,spark,1
Standard_D16s_v4,16,64,6,30.0,36264474,179,join,198.75,polars,1
Standard_D16s_v4,16,64,6,1.0,1208815,179,join,3.07,spark,1
Standard_D16s_v4,16,64,6,1.0,1208815,179,join,6.15,polars,1
Standard_D16s_v4,16,64,6,72.0,87034738,179,join,2025.68,spark,1
Standard_D16s_v4,16,64,6,72.0,87034738,179,join,0.0,polars,0
Standard_D16s_v4,16,64,6,63.0,76155396,179,join,1473.48,spark,1
Standard_D16s_v4,16,64,6,63.0,76155396,179,join,0.0,polars,0
Standard_D16s_v4,16,64,6,12.0,14505789,179,join,125.55,spark,1
Standard_D16s_v4,16,64,6,12.0,14505789,179,join,43.94,polars,1
Standard_D16s_v4,16,64,6,9.0,10879342,179,join,88.01,spark,1
Standard_D16s_v4,16,64,6,9.0,10879342,179,join,30.8,polars,1
Standard_D16s_v4,16,64,6,3.0,3626447,179,join,15.84,spark,1
Standard_D16s_v4,16,64,6,3.0,3626447,179,join,5.54,polars,1
Standard_D16s_v4,16,64,6,12.0,14505789,179,join,142.04,spark,1
Standard_D16s_v4,16,64,6,12.0,14505789,179,join,49.71,polars,1
Standard_D16s_v4,16,64,6,33.0,39890921,179,join,694.19,spark,1
Standard_D16s_v4,16,64,6,33.0,39890921,179,join,242.97,polars,1
Standard_D16s_v4,16,64,6,27.0,32638027,179,join,429.76,spark,1
Standard_D16s_v4,16,64,6,27.0,32638027,179,join,150.42,polars,1
Standard_D16s_v4,16,64,6,48.0,58023159,179,join,974.16,spark,1
Standard_D16s_v4,16,64,6,48.0,58023159,179,join,340.96,polars,1
Standard_D16s_v4,16,64,6,12.0,14505789,179,union,117.0,spark,1
Standard_D16s_v4,16,64,6,12.0,14505789,179,union,40.95,polars,1
Standard_D16s_v4,16,64,6,12.0,14505789,179,union,133.21,spark,1
Standard_D16s_v4,16,64,6,12.0,14505789,179,union,46.62,polars,1
Standard_D16s_v4,16,64,6,18.0,21758684,179,union,218.98,spark,1
Standard_D16s_v4,16,64,6,18.0,21758684,179,union,76.64,polars,1
Standard_D16s_v4,16,64,6,24.0,29011579,179,union,345.75,spark,1
Standard_D16s_v4,16,64,6,24.0,29011579,179,union,121.01,polars,1
Standard_D16s_v4,16,64,6,9.0,10879342,179,union,71.84,spark,1
Standard_D16s_v4,16,64,6,9.0,10879342,179,union,25.14,polars,1
Standard_D16s_v4,16,64,6,3.0,3626447,179,union,9.24,spark,1
Standard_D16s_v4,16,64,6,3.0,3626447,179,union,3.23,polars,1
Standard_D16s_v4,16,64,6,21.0,25385132,179,union,335.99,spark,1
Standard_D16s_v4,16,64,6,21.0,25385132,179,union,117.6,polars,1
Standard_D16s_v4,16,64,6,6.0,7252894,179,union,30.58,spark,1
Standard_D16s_v4,16,64,6,6.0,7252894,179,union,10.7,polars,1
Standard_D16s_v4,16,64,6,24.0,29011579,179,union,360.76,spark,1
Standard_D16s_v4,16,64,6,24.0,29011579,179,union,126.27,polars,1
Standard_D16s_v4,16,64,6,21.0,25385132,179,union,288.65,spark,1
Standard_D16s_v4,16,64,6,21.0,25385132,179,union,101.03,polars,1
Standard_D16s_v4,16,64,6,3.0,3626447,179,union,11.41,spark,1
Standard_D16s_v4,16,64,6,3.0,3626447,179,union,3.99,polars,1
Standard_D16s_v4,16,64,6,9.0,10879342,179,union,58.9,spark,1
Standard_D16s_v4,16,64,6,9.0,10879342,179,union,20.61,polars,1
Standard_D16s_v4,16,64,6,3.0,3626447,179,union,11.27,spark,1
Standard_D16s_v4,16,64,6,3.0,3626447,179,union,3.94,polars,1
Standard_D16s_v4,16,64,6,80.0,96705265,179,union,2709.0,spark,1
Standard_D16s_v4,16,64,6,80.0,96705265,179,union,0.0,polars,0
Standard_D16s_v4,16,64,6,21.0,25385132,179,union,252.72,spark,1
Standard_D16s_v4,16,64,6,21.0,25385132,179,union,88.45,polars,1
Standard_D16s_v4,16,64,6,18.0,21758684,179,union,216.61,spark,1
Standard_D16s_v4,16,64,6,18.0,21758684,179,union,75.81,polars,1
Standard_D16s_v4,16,64,6,54.0,65276054,179,union,1307.39,spark,1
Standard_D16s_v4,16,64,6,54.0,65276054,179,union,457.59,polars,1
Standard_D16s_v4,16,64,6,3.0,3626447,179,union,10.85,spark,1
Standard_D16s_v4,16,64,6,3.0,3626447,179,union,3.8,polars,1
Standard_D16s_v4,16,64,6,18.0,21758684,179,union,247.53,spark,1
Standard_D16s_v4,16,64,6,18.0,21758684,179,union,86.63,polars,1
Standard_D16s_v4,16,64,6,3.0,3626447,179,union,9.85,spark,1
Standard_D16s_v4,16,64,6,3.0,3626447,179,union,3.45,polars,1
Standard_D16s_v4,16,64,6,3.0,3626447,179,union,10.76,spark,1
Standard_D16s_v4,16,64,6,3.0,3626447,179,union,3.77,polars,1
Standard_D16s_v4,16,64,6,6.0,7252894,179,union,31.63,spark,1
Standard_D16s_v4,16,64,6,6.0,7252894,179,union,11.07,polars,1
Standard_D16s_v4,16,64,6,12.0,14505789,179,union,110.14,spark,1
Standard_D16s_v4,16,64,6,12.0,14505789,179,union,38.55,polars,1
Standard_D16s_v4,16,64,6,15.0,18132237,179,union,148.18,spark,1
Standard_D16s_v4,16,64,6,15.0,18132237,179,union,51.86,polars,1
Standard_D16s_v4,16,64,6,6.0,7252894,179,union,34.1,spark,1
Standard_D16s_v4,16,64,6,6.0,7252894,179,union,11.94,polars,1
Standard_D16s_v4,16,64,6,75.0,90661186,179,union,2643.85,spark,1
Standard_D16s_v4,16,64,6,75.0,90661186,179,union,0.0,polars,0
Standard_D16s_v4,16,64,6,3.0,3626447,179,union,11.74,spark,1
Standard_D16s_v4,16,64,6,3.0,3626447,179,union,4.11,polars,1
Standard_D16s_v4,16,64,6,6.0,7252894,179,union,37.1,spark,1
Standard_D16s_v4,16,64,6,6.0,7252894,179,union,12.98,polars,1
Standard_D16s_v4,16,64,6,6.0,7252894,179,union,37.03,spark,1
Standard_D16s_v4,16,64,6,6.0,7252894,179,union,12.96,polars,1
Standard_D16s_v4,16,64,6,36.0,43517369,179,union,606.8,spark,1
Standard_D16s_v4,16,64,6,36.0,43517369,179,union,212.38,polars,1
Standard_D16s_v4,16,64,6,3.0,3626447,179,union,10.64,spark,1
Standard_D16s_v4,16,64,6,3.0,3626447,179,union,3.72,polars,1
Standard_D16s_v4,16,64,6,3.0,3626447,179,union,11.16,spark,1
Standard_D16s_v4,16,64,6,3.0,3626447,179,union,3.91,polars,1
Standard_D16s_v4,16,64,6,1.0,1208815,179,union,1.68,spark,1
Standard_D16s_v4,16,64,6,1.0,1208815,179,union,3.37,polars,1
Standard_D16s_v4,16,64,6,54.0,65276054,179,union,1395.12,spark,1
Standard_D16s_v4,16,64,6,54.0,65276054,179,union,488.29,polars,1
Standard_D16s_v4,16,64,6,3.0,3626447,179,union,10.2,spark,1
Standard_D16s_v4,16,64,6,3.0,3626447,179,union,3.57,polars,1
Standard_D16s_v4,16,64,6,3.0,3626447,179,union,11.62,spark,1
Standard_D16s_v4,16,64,6,3.0,3626447,179,union,4.07,polars,1
Standard_D16s_v4,16,64,6,6.0,7252894,179,union,31.78,spark,1
Standard_D16s_v4,16,64,6,6.0,7252894,179,union,11.12,polars,1
Standard_D16s_v4,16,64,6,18.0,21758684,179,union,190.42,spark,1
Standard_D16s_v4,16,64,6,18.0,21758684,179,union,66.65,polars,1
Standard_D16s_v4,16,64,6,9.0,10879342,179,union,66.93,spark,1
Standard_D16s_v4,16,64,6,9.0,10879342,179,union,23.43,polars,1
Standard_D16s_v4,16,64,6,42.0,50770264,179,union,882.64,spark,1
Standard_D16s_v4,16,64,6,42.0,50770264,179,union,308.92,polars,1
Standard_D16s_v4,16,64,6,24.0,29011579,179,union,339.59,spark,1
Standard_D16s_v4,16,64,6,24.0,29011579,179,union,118.86,polars,1
Standard_D16s_v4,16,64,6,6.0,7252894,179,union,35.23,spark,1
Standard_D16s_v4,16,64,6,6.0,7252894,179,union,12.33,polars,1
Standard_E32s_v5,32,256,4,21.0,25385132,179,group_by,1293.72,spark,1
Standard_E32s_v5,32,256,4,21.0,25385132,179,group_by,452.8,polars,1
Standard_E32s_v5,32,256,4,3.0,3626447,179,group_by,14.07,spark,1
Standard_E32s_v5,32,256,4,3.0,3626447,179,group_by,4.92,polars,1
Standard_E32s_v5,32,256,4,6.0,7252894,179,group_by,70.06,spark,1
Standard_E32s_v5,32,256,4,6.0,7252894,179,group_by,24.52,polars,1
Standard_E32s_v5,32,256,4,57.0,68902501,179,group_by,10427.0,spark,1
Standard_E32s_v5,32,256,4,57.0,68902501,179,group_by,3649.45,polars,1
Standard_E32s_v5,32,256,4,6.0,7252894,179,group_by,70.93,spark,1
Standard_E32s_v5,32,256,4,6.0,7252894,179,group_by,24.83,polars,1
Standard_E32s_v5,32,256,4,66.0,79781843,179,group_by,15256.79,spark,1
Standard_E32s_v5,32,256,4,66.0,79781843,179,group_by,5339.88,polars,1
Standard_E32s_v5,32,256,4,6.0,7252894,179,group_by,70.35,spark,1
Standard_E32s_v5,32,256,4,6.0,7252894,179,group_by,24.62,polars,1
Standard_E32s_v5,32,256,4,60.0,72528948,179,group_by,11408.59,spark,1
Standard_E32s_v5,32,256,4,60.0,72528948,179,group_by,3993.01,polars,1
Standard_E32s_v5,32,256,4,30.0,36264474,179,group_by,2755.1,spark,1
Standard_E32s_v5,32,256,4,30.0,36264474,179,group_by,964.28,polars,1
Standard_E32s_v5,32,256,4,6.0,7252894,179,group_by,73.32,spark,1
Standard_E32s_v5,32,256,4,6.0,7252894,179,group_by,25.66,polars,1
Standard_E32s_v5,32,256,4,18.0,21758684,179,group_by,872.5,spark,1
Standard_E32s_v5,32,256,4,18.0,21758684,179,group_by,305.38,polars,1
Standard_E32s_v5,32,256,4,15.0,18132237,179,group_by,537.34,spark,1
Standard_E32s_v5,32,256,4,15.0,18132237,179,group_by,188.07,polars,1
Standard_E32s_v5,32,256,4,3.0,3626447,179,group_by,16.09,spark,1
Standard_E32s_v5,32,256,4,3.0,3626447,179,group_by,5.63,polars,1
Standard_E32s_v5,32,256,4,18.0,21758684,179,group_by,899.93,spark,1
Standard_E32s_v5,32,256,4,18.0,21758684,179,group_by,314.98,polars,1
Standard_E32s_v5,32,256,4,24.0,29011579,179,group_by,1657.29,spark,1
Standard_E32s_v5,32,256,4,24.0,29011579,179,group_by,580.05,polars,1
Standard_E32s_v5,32,256,4,3.0,3626447,179,group_by,15.99,spark,1
Standard_E32s_v5,32,256,4,3.0,3626447,179,group_by,5.6,polars,1
Standard_E32s_v5,32,256,4,3.0,3626447,179,group_by,16.98,spark,1
Standard_E32s_v5,32,256,4,3.0,3626447,179,group_by,5.94,polars,1
Standard_E32s_v5,32,256,4,6.0,7252894,179,group_by,73.14,spark,1
Standard_E32s_v5,32,256,4,6.0,7252894,179,group_by,25.6,polars,1
Standard_E32s_v5,32,256,4,3.0,3626447,179,group_by,16.86,spark,1
Standard_E32s_v5,32,256,4,3.0,3626447,179,group_by,5.9,polars,1
Standard_E32s_v5,32,256,4,3.0,3626447,179,group_by,14.45,spark,1
Standard_E32s_v5,32,256,4,3.0,3626447,179,group_by,5.06,polars,1
Standard_E32s_v5,32,256,4,12.0,14505789,179,group_by,355.33,spark,1
Standard_E32s_v5,32,256,4,12.0,14505789,179,group_by,124.37,polars,1
Standard_E32s_v5,32,256,4,30.0,36264474,179,group_by,2378.83,spark,1
Standard_E32s_v5,32,256,4,30.0,36264474,179,group_by,832.59,polars,1
Standard_E32s_v5,32,256,4,1.0,1208815,179,group_by,1.43,spark,1
Standard_E32s_v5,32,256,4,1.0,1208815,179,group_by,2.44,polars,1
Standard_E32s_v5,32,256,4,39.0,47143816,179,group_by,4239.6,spark,1
Standard_E32s_v5,32,256,4,39.0,47143816,179,group_by,1483.86,polars,1
Standard_E32s_v5,32,256,4,1.0,1208815,179,group_by,1.5,spark,1
Standard_E32s_v5,32,256,4,1.0,1208815,179,group_by,2.69,polars,1
Standard_E32s_v5,32,256,4,6.0,7252894,179,group_by,71.32,spark,1
Standard_E32s_v5,32,256,4,6.0,7252894,179,group_by,24.96,polars,1
Standard_E32s_v5,32,256,4,3.0,3626447,179,group_by,14.9,spark,1
Standard_E32s_v5,32,256,4,3.0,3626447,179,group_by,5.21,polars,1
Standard_E32s_v5,32,256,4,6.0,7252894,179,group_by,70.47,spark,1
Standard_E32s_v5,32,256,4,6.0,7252894,179,group_by,24.67,polars,1
Standard_E32s_v5,32,256,4,3.0,3626447,179,group_by,17.22,spark,1
Standard_E32s_v5,32,256,4,3.0,3626447,179,group_by,6.03,polars,1
Standard_E32s_v5,32,256,4,21.0,25385132,179,group_by,1114.96,spark,1
Standard_E32s_v5,32,256,4,21.0,25385132,179,group_by,390.24,polars,1
Standard_E32s_v5,32,256,4,6.0,7252894,179,group_by,72.36,spark,1
Standard_E32s_v5,32,256,4,6.0,7252894,179,group_by,25.33,polars,1
Standard_E32s_v5,32,256,4,1.0,1208815,179,group_by,1.51,spark,1
Standard_E32s_v5,32,256,4,1.0,1208815,179,group_by,2.82,polars,1
Standard_E32s_v5,32,256,4,63.0,76155396,179,group_by,14380.76,spark,1
Standard_E32s_v5,32,256,4,63.0,76155396,179,group_by,5033.27,polars,1
Standard_E32s_v5,32,256,4,18.0,21758684,179,group_by,808.21,spark,1
Standard_E32s_v5,32,256,4,18.0,21758684,179,group_by,282.87,polars,1
Standard_E32s_v5,32,256,4,18.0,21758684,179,group_by,849.49,spark,1
Standard_E32s_v5,32,256,4,18.0,21758684,179,group_by,297.32,polars,1
Standard_E32s_v5,32,256,4,33.0,39890921,179,group_by,2868.31,spark,1
Standard_E32s_v5,32,256,4,33.0,39890921,179,group_by,1003.91,polars,1
Standard_E32s_v5,32,256,4,1.0,1208815,179,group_by,1.28,spark,1
Standard_E32s_v5,32,256,4,1.0,1208815,179,group_by,2.56,polars,1
Standard_E32s_v5,32,256,4,72.0,87034738,179,group_by,18620.1,spark,1
Standard_E32s_v5,32,256,4,72.0,87034738,179,group_by,6517.04,polars,1
Standard_E32s_v5,32,256,4,3.0,3626447,179,group_by,15.34,spark,1
Standard_E32s_v5,32,256,4,3.0,3626447,179,group_by,5.37,polars,1
Standard_E32s_v5,32,256,4,21.0,25385132,179,group_by,1187.67,spark,1
Standard_E32s_v5,32,256,4,21.0,25385132,179,group_by,415.68,polars,1
Standard_E32s_v5,32,256,4,15.0,18132237,179,group_by,531.08,spark,1
Standard_E32s_v5,32,256,4,15.0,18132237,179,group_by,185.88,polars,1
Standard_E32s_v5,32,256,4,9.0,10879342,179,group_by,189.43,spark,1
Standard_E32s_v5,32,256,4,9.0,10879342,179,group_by,66.3,polars,1
Standard_E32s_v5,32,256,4,6.0,7252894,179,join,47.11,spark,1
Standard_E32s_v5,32,256,4,6.0,7252894,179,join,16.49,polars,1
Standard_E32s_v5,32,256,4,21.0,25385132,179,join,330.11,spark,1
Standard_E32s_v5,32,256,4,21.0,25385132,179,join,115.54,polars,1
Standard_E32s_v5,32,256,4,3.0,3626447,179,join,15.17,spark,1
Standard_E32s_v5,32,256,4,3.0,3626447,179,join,5.31,polars,1
Standard_E32s_v5,32,256,4,9.0,10879342,179,join,84.05,spark,1
Standard_E32s_v5,32,256,4,9.0,10879342,179,join,29.42,polars,1
Standard_E32s_v5,32,256,4,3.0,3626447,179,join,15.36,spark,1
Standard_E32s_v5,32,256,4,3.0,3626447,179,join,5.38,polars,1
Standard_E32s_v5,32,256,4,15.0,18132237,179,join,199.2,spark,1
Standard_E32s_v5,32,256,4,15.0,18132237,179,join,69.72,polars,1
Standard_E32s_v5,32,256,4,21.0,25385132,179,join,292.71,spark,1
Standard_E32s_v5,32,256,4,21.0,25385132,179,join,102.45,polars,1
Standard_E32s_v5,32,256,4,1.0,1208815,179,join,2.88,spark,1
Standard_E32s_v5,32,256,4,1.0,1208815,179,join,5.76,polars,1
Standard_E32s_v5,32,256,4,12.0,14505789,179,join,136.54,spark,1
Standard_E32s_v5,32,256,4,12.0,14505789,179,join,47.79,polars,1
Standard_E32s_v5,32,256,4,27.0,32638027,179,join,496.68,spark,1
Standard_E32s_v5,32,256,4,27.0,32638027,179,join,173.84,polars,1
Standard_E32s_v5,32,256,4,24.0,29011579,179,join,343.78,spark,1
Standard_E32s_v5,32,256,4,24.0,29011579,179,join,120.32,polars,1
Standard_E32s_v5,32,256,4,36.0,43517369,179,join,635.35,spark,1
Standard_E32s_v5,32,256,4,36.0,43517369,179,join,222.37,polars,1
Standard_E32s_v5,32,256,4,21.0,25385132,179,join,317.51,spark,1
Standard_E32s_v5,32,256,4,21.0,25385132,179,join,111.13,polars,1
Standard_E32s_v5,32,256,4,12.0,14505789,179,join,146.61,spark,1
Standard_E32s_v5,32,256,4,12.0,14505789,179,join,51.31,polars,1
Standard_E32s_v5,32,256,4,12.0,14505789,179,join,129.45,spark,1
Standard_E32s_v5,32,256,4,12.0,14505789,179,join,45.31,polars,1
Standard_E32s_v5,32,256,4,3.0,3626447,179,join,15.85,spark,1
Standard_E32s_v5,32,256,4,3.0,3626447,179,join,5.55,polars,1
Standard_E32s_v5,32,256,4,12.0,14505789,179,join,140.36,spark,1
Standard_E32s_v5,32,256,4,12.0,14505789,179,join,49.13,polars,1
Standard_E32s_v5,32,256,4,3.0,3626447,179,join,16.91,spark,1
Standard_E32s_v5,32,256,4,3.0,3626447,179,join,5.92,polars,1
Standard_E32s_v5,32,256,4,54.0,65276054,179,join,1364.52,spark,1
Standard_E32s_v5,32,256,4,54.0,65276054,179,join,477.58,polars,1
Standard_E32s_v5,32,256,4,15.0,18132237,179,join,193.51,spark,1
Standard_E32s_v5,32,256,4,15.0,18132237,179,join,67.73,polars,1
Standard_E32s_v5,32,256,4,42.0,50770264,179,join,961.51,spark,1
Standard_E32s_v5,32,256,4,42.0,50770264,179,join,336.53,polars,1
Standard_E32s_v5,32,256,4,3.0,3626447,179,join,16.33,spark,1
Standard_E32s_v5,32,256,4,3.0,3626447,179,join,5.71,polars,1
Standard_E32s_v5,32,256,4,66.0,79781843,179,join,1860.1,spark,1
Standard_E32s_v5,32,256,4,66.0,79781843,179,join,651.03,polars,1
Standard_E32s_v5,32,256,4,54.0,65276054,179,join,1352.86,spark,1
Standard_E32s_v5,32,256,4,54.0,65276054,179,join,473.5,polars,1
Standard_E32s_v5,32,256,4,24.0,29011579,179,join,405.78,spark,1
Standard_E32s_v5,32,256,4,24.0,29011579,179,join,142.02,polars,1
Standard_E32s_v5,32,256,4,9.0,10879342,179,join,80.4,spark,1
Standard_E32s_v5,32,256,4,9.0,10879342,179,join,28.14,polars,1
Standard_E32s_v5,32,256,4,1.0,1208815,179,join,2.85,spark,1
Standard_E32s_v5,32,256,4,1.0,1208815,179,join,5.7,polars,1
Standard_E32s_v5,32,256,4,3.0,3626447,179,join,12.61,spark,1
Standard_E32s_v5,32,256,4,3.0,3626447,179,join,4.41,polars,1
Standard_E32s_v5,32,256,4,18.0,21758684,179,join,263.02,spark,1
Standard_E32s_v5,32,256,4,18.0,21758684,179,join,92.06,polars,1
Standard_E32s_v5,32,256,4,3.0,3626447,179,join,17.13,spark,1
Standard_E32s_v5,32,256,4,3.0,3626447,179,join,6.0,polars,1
Standard_E32s_v5,32,256,4,3.0,3626447,179,join,16.61,spark,1
Standard_E32s_v5,32,256,4,3.0,3626447,179,join,5.81,polars,1
Standard_E32s_v5,32,256,4,27.0,32638027,179,join,448.15,spark,1
Standard_E32s_v5,32,256,4,27.0,32638027,179,join,156.85,polars,1
Standard_E32s_v5,32,256,4,60.0,72528948,179,join,1695.72,spark,1
Standard_E32s_v5,32,256,4,60.0,72528948,179,join,593.5,polars,1
Standard_E32s_v5,32,256,4,42.0,50770264,179,join,945.52,spark,1
Standard_E32s_v5,32,256,4,42.0,50770264,179,join,330.93,polars,1
Standard_E32s_v5,32,256,4,21.0,25385132,179,join,320.61,spark,1
Standard_E32s_v5,32,256,4,21.0,25385132,179,join,112.21,polars,1
Standard_E32s_v5,32,256,4,3.0,3626447,179,join,16.28,spark,1
Standard_E32s_v5,32,256,4,3.0,3626447,179,join,5.7,polars,1
Standard_E32s_v5,32,256,4,39.0,47143816,179,join,887.35,spark,1
Standard_E32s_v5,32,256,4,39.0,47143816,179,join,310.57,polars,1
Standard_E32s_v5,32,256,4,3.0,3626447,179,join,16.49,spark,1
Standard_E32s_v5,32,256,4,3.0,3626447,179,join,5.77,polars,1
Standard_E32s_v5,32,256,4,3.0,3626447,179,join,15.66,spark,1
Standard_E32s_v5,32,256,4,3.0,3626447,179,join,5.48,polars,1
Standard_E32s_v5,32,256,4,12.0,14505789,179,join,130.72,spark,1
Standard_E32s_v5,32,256,4,12.0,14505789,179,join,45.75,polars,1
Standard_E32s_v5,32,256,4,15.0,18132237,179,join,196.44,spark,1
Standard_E32s_v5,32,256,4,15.0,18132237,179,join,68.76,polars,1
Standard_E32s_v5,32,256,4,1.0,1208815,179,join,2.79,spark,1
Standard_E32s_v5,32,256,4,1.0,1208815,179,join,5.59,polars,1
Standard_E32s_v5,32,256,4,3.0,3626447,179,union,10.81,spark,1
Standard_E32s_v5,32,256,4,3.0,3626447,179,union,3.78,polars,1
Standard_E32s_v5,32,256,4,36.0,43517369,179,union,785.73,spark,1
Standard_E32s_v5,32,256,4,36.0,43517369,179,union,275.01,polars,1
Standard_E32s_v5,32,256,4,9.0,10879342,179,union,72.89,spark,1
Standard_E32s_v5,32,256,4,9.0,10879342,179,union,25.51,polars,1
Standard_E32s_v5,32,256,4,9.0,10879342,179,union,78.13,spark,1
Standard_E32s_v5,32,256,4,9.0,10879342,179,union,27.34,polars,1
Standard_E32s_v5,32,256,4,42.0,50770264,179,union,831.83,spark,1
Standard_E32s_v5,32,256,4,42.0,50770264,179,union,291.14,polars,1
Standard_E32s_v5,32,256,4,3.0,3626447,179,union,10.34,spark,1
Standard_E32s_v5,32,256,4,3.0,3626447,179,union,3.62,polars,1
Standard_E32s_v5,32,256,4,27.0,32638027,179,union,441.6,spark,1
Standard_E32s_v5,32,256,4,27.0,32638027,179,union,154.56,polars,1
Standard_E32s_v5,32,256,4,6.0,7252894,179,union,34.52,spark,1
Standard_E32s_v5,32,256,4,6.0,7252894,179,union,12.08,polars,1
Standard_E32s_v5,32,256,4,3.0,3626447,179,union,11.76,spark,1
Standard_E32s_v5,32,256,4,3.0,3626447,179,union,4.11,polars,1
Standard_E32s_v5,32,256,4,12.0,14505789,179,union,104.87,spark,1
Standard_E32s_v5,32,256,4,12.0,14505789,179,union,36.71,polars,1
Standard_E32s_v5,32,256,4,3.0,3626447,179,union,10.83,spark,1
Standard_E32s_v5,32,256,4,3.0,3626447,179,union,3.79,polars,1
Standard_E32s_v5,32,256,4,3.0,3626447,179,union,11.71,spark,1
Standard_E32s_v5,32,256,4,3.0,3626447,179,union,4.1,polars,1
Standard_E32s_v5,32,256,4,9.0,10879342,179,union,61.16,spark,1
Standard_E32s_v5,32,256,4,9.0,10879342,179,union,21.4,polars,1
Standard_E32s_v5,32,256,4,69.0,83408291,179,union,2085.9,spark,1
Standard_E32s_v5,32,256,4,69.0,83408291,179,union,730.06,polars,1
Standard_E32s_v5,32,256,4,21.0,25385132,179,union,319.77,spark,1
Standard_E32s_v5,32,256,4,21.0,25385132,179,union,111.92,polars,1
Standard_E32s_v5,32,256,4,18.0,21758684,179,union,176.74,spark,1
Standard_E32s_v5,32,256,4,18.0,21758684,179,union,61.86,polars,1
Standard_E32s_v5,32,256,4,6.0,7252894,179,union,37.08,spark,1
Standard_E32s_v5,32,256,4,6.0,7252894,179,union,12.98,polars,1
Standard_E32s_v5,32,256,4,54.0,65276054,179,union,1421.05,spark,1
Standard_E32s_v5,32,256,4,54.0,65276054,179,union,497.37,polars,1
Standard_E32s_v5,32,256,4,30.0,36264474,179,union,516.31,spark,1
Standard_E32s_v5,32,256,4,30.0,36264474,179,union,180.71,polars,1
Standard_E32s_v5,32,256,4,3.0,3626447,179,union,12.21,spark,1
Standard_E32s_v5,32,256,4,3.0,3626447,179,union,4.27,polars,1
Standard_E32s_v5,32,256,4,3.0,3626447,179,union,10.55,spark,1
Standard_E32s_v5,32,256,4,3.0,3626447,179,union,3.69,polars,1
Standard_E32s_v5,32,256,4,33.0,39890921,179,union,635.48,spark,1
Standard_E32s_v5,32,256,4,33.0,39890921,179,union,222.42,polars,1
Standard_E32s_v5,32,256,4,72.0,87034738,179,union,2172.55,spark,1
Standard_E32s_v5,32,256,4,72.0,87034738,179,union,760.39,polars,1
Standard_E32s_v5,32,256,4,57.0,68902501,179,union,1315.12,spark,1
Standard_E32s_v5,32,256,4,57.0,68902501,179,union,460.29,polars,1
Standard_E32s_v5,32,256,4,39.0,47143816,179,union,757.61,spark,1
Standard_E32s_v5,32,256,4,39.0,47143816,179,union,265.16,polars,1
Standard_E32s_v5,32,256,4,3.0,3626447,179,union,11.07,spark,1
Standard_E32s_v5,32,256,4,3.0,3626447,179,union,3.87,polars,1
Standard_E32s_v5,32,256,4,75.0,90661186,179,union,2185.29,spark,1
Standard_E32s_v5,32,256,4,75.0,90661186,179,union,764.85,polars,1
Standard_E32s_v5,32,256,4,63.0,76155396,179,union,1586.06,spark,1
Standard_E32s_v5,32,256,4,63.0,76155396,179,union,555.12,polars,1
Standard_E32s_v5,32,256,4,6.0,7252894,179,union,40.04,spark,1
Standard_E32s_v5,32,256,4,6.0,7252894,179,union,14.01,polars,1
Standard_E32s_v5,32,256,4,15.0,18132237,179,union,155.49,spark,1
Standard_E32s_v5,32,256,4,15.0,18132237,179,union,54.42,polars,1
Standard_E32s_v5,32,256,4,12.0,14505789,179,union,112.9,spark,1
Standard_E32s_v5,32,256,4,12.0,14505789,179,union,39.51,polars,1
Standard_E32s_v5,32,256,4,21.0,25385132,179,union,301.85,spark,1
Standard_E32s_v5,32,256,4,21.0,25385132,179,union,105.65,polars,1
Standard_E32s_v5,32,256,4,3.0,3626447,179,union,9.94,spark,1
Standard_E32s_v5,32,256,4,3.0,3626447,179,union,3.48,polars,1
Standard_E32s_v5,32,256,4,3.0,3626447,179,union,11.19,spark,1
Standard_E32s_v5,32,256,4,3.0,3626447,179,union,3.91,polars,1
Standard_E32s_v5,32,256,4,3.0,3626447,179,union,10.19,spark,1
Standard_E32s_v5,32,256,4,3.0,3626447,179,union,3.57,polars,1
Standard_E32s_v5,32,256,4,6.0,7252894,179,union,31.53,spark,1
Standard_E32s_v5,32,256,4,6.0,7252894,179,union,11.04,polars,1
Standard_E32s_v5,32,256,4,80.0,96705265,179,union,2654.85,spark,1
Standard_E32s_v5,32,256,4,80.0,96705265,179,union,929.2,polars,1
Standard_E32s_v5,32,256,4,3.0,3626447,179,union,11.99,spark,1
Standard_E32s_v5,32,256,4,3.0,3626447,179,union,4.2,polars,1
Standard_E32s_v5,32,256,4,3.0,3626447,179,union,11.0,spark,1
Standard_E32s_v5,32,256,4,3.0,3626447,179,union,3.85,polars,1
Standard_E32s_v5,32,256,4,27.0,32638027,179,union,421.14,spark,1
Standard_E32s_v5,32,256,4,27.0,32638027,179,union,147.4,polars,1
Standard_E32s_v5,32,256,4,12.0,14505789,179,union,98.04,spark,1
Standard_E32s_v5,32,256,4,12.0,14505789,179,union,34.31,polars,1
Standard_E32s_v5,32,256,4,3.0,3626447,179,union,10.47,spark,1
Standard_E32s_v5,32,256,4,3.0,3626447,179,union,3.67,polars,1
Standard_E64s_v5,64,512,1,6.0,7252894,179,group_by,79.3,spark,1
Standard_E64s_v5,64,512,1,6.0,7252894,179,group_by,27.75,polars,1
Standard_E64s_v5,64,512,1,6.0,7252894,179,group_by,79.06,spark,1
Standard_E64s_v5,64,512,1,6.0,7252894,179,group_by,27.67,polars,1
Standard_E64s_v5,64,512,1,48.0,58023159,179,group_by,7154.04,spark,1
Standard_E64s_v5,64,512,1,48.0,58023159,179,group_by,2503.91,polars,1
Standard_E64s_v5,64,512,1,6.0,7252894,179,group_by,74.88,spark,1
Standard_E64s_v5,64,512,1,6.0,7252894,179,group_by,26.21,polars,1
Standard_E64s_v5,64,512,1,30.0,36264474,179,group_by,2596.52,spark,1
Standard_E64s_v5,64,512,1,30.0,36264474,179,group_by,908.78,polars,1
Standard_E64s_v5,64,512,1,63.0,76155396,179,group_by,13795.6,spark,1
Standard_E64s_v5,64,512,1,63.0,76155396,179,group_by,4828.46,polars,1
Standard_E64s_v5,64,512,1,9.0,10879342,179,group_by,163.81,spark,1
Standard_E64s_v5,64,512,1,9.0,10879342,179,group_by,57.33,polars,1
Standard_E64s_v5,64,512,1,3.0,3626447,179,group_by,14.69,spark,1
Standard_E64s_v5,64,512,1,3.0,3626447,179,group_by,5.14,polars,1
Standard_E64s_v5,64,512,1,1.0,1208815,179,group_by,1.42,spark,1
Standard_E64s_v5,64,512,1,1.0,1208815,179,group_by,2.76,polars,1
Standard_E64s_v5,64,512,1,12.0,14505789,179,group_by,367.78,spark,1
Standard_E64s_v5,64,512,1,12.0,14505789,179,group_by,128.72,polars,1
Standard_E64s_v5,64,512,1,3.0,3626447,179,group_by,16.23,spark,1
Standard_E64s_v5,64,512,1,3.0,3626447,179,group_by,5.68,polars,1
Standard_E64s_v5,64,512,1,9.0,10879342,179,group_by,167.91,spark,1
Standard_E64s_v5,64,512,1,9.0,10879342,179,group_by,58.77,polars,1
Standard_E64s_v5,64,512,1,30.0,36264474,179,group_by,2641.2,spark,1
Standard_E64s_v5,64,512,1,30.0,36264474,179,group_by,924.42,polars,1
Standard_E64s_v5,64,512,1,15.0,18132237,179,group_by,576.29,spark,1
Standard_E64s_v5,64,512,1,15.0,18132237,179,group_by,201.7,polars,1
Standard_E64s_v5,64,512,1,9.0,10879342,179,group_by,174.83,spark,1
Standard_E64s_v5,64,512,1,9.0,10879342,179,group_by,61.19,polars,1
Standard_E64s_v5,64,512,1,1.0,1208815,179,group_by,1.56,spark,1
Standard_E64s_v5,64,512,1,1.0,1208815,179,group_by,2.42,polars,1
Standard_E64s_v5,64,512,1,12.0,14505789,179,group_by,269.79,spark,1
Standard_E64s_v5,64,512,1,12.0,14505789,179,group_by,94.43,polars,1
Standard_E64s_v5,64,512,1,33.0,39890921,179,group_by,3233.18,spark,1
Standard_E64s_v5,64,512,1,33.0,39890921,179,group_by,1131.61,polars,1
Standard_E64s_v5,64,512,1,6.0,7252894,179,group_by,74.75,spark,1
Standard_E64s_v5,64,512,1,6.0,7252894,179,group_by,26.16,polars,1
Standard_E64s_v5,64,512,1,24.0,29011579,179,group_by,1498.02,spark,1
Standard_E64s_v5,64,512,1,24.0,29011579,179,group_by,524.31,polars,1
Standard_E64s_v5,64,512,1,6.0,7252894,179,group_by,83.36,spark,1
Standard_E64s_v5,64,512,1,6.0,7252894,179,group_by,29.18,polars,1
Standard_E64s_v5,64,512,1,15.0,18132237,179,group_by,613.77,spark,1
Standard_E64s_v5,64,512,1,15.0,18132237,179,group_by,214.82,polars,1
Standard_E64s_v5,64,512,1,21.0,25385132,179,group_by,1159.92,spark,1
Standard_E64s_v5,64,512,1,21.0,25385132,179,group_by,405.97,polars,1
Standard_E64s_v5,64,512,1,18.0,21758684,179,group_by,837.28,spark,1
Standard_E64s_v5,64,512,1,18.0,21758684,179,group_by,293.05,polars,1
Standard_E64s_v5,64,512,1,9.0,10879342,179,group_by,152.75,spark,1
Standard_E64s_v5,64,512,1,9.0,10879342,179,group_by,53.46,polars,1
Standard_E64s_v5,64,512,1,3.0,3626447,179,group_by,16.24,spark,1
Standard_E64s_v5,64,512,1,3.0,3626447,179,group_by,5.68,polars,1
Standard_E64s_v5,64,512,1,3.0,3626447,179,group_by,14.63,spark,1
Standard_E64s_v5,64,512,1,3.0,3626447,179,group_by,5.12,polars,1
Standard_E64s_v5,64,512,1,24.0,29011579,179,group_by,1599.92,spark,1
Standard_E64s_v5,64,512,1,24.0,29011579,179,group_by,559.97,polars,1
Standard_E64s_v5,64,512,1,3.0,3626447,179,group_by,15.69,spark,1
Standard_E64s_v5,64,512,1,3.0,3626447,179,group_by,5.49,polars,1
Standard_E64s_v5,64,512,1,15.0,18132237,179,group_by,531.36,spark,1
Standard_E64s_v5,64,512,1,15.0,18132237,179,group_by,185.98,polars,1
Standard_E64s_v5,64,512,1,3.0,3626447,179,group_by,16.25,spark,1
Standard_E64s_v5,64,512,1,3.0,3626447,179,group_by,5.69,polars,1
Standard_E64s_v5,64,512,1,72.0,87034738,179,group_by,14549.7,spark,1
Standard_E64s_v5,64,512,1,72.0,87034738,179,group_by,5092.4,polars,1
Standard_E64s_v5,64,512,1,3.0,3626447,179,group_by,16.84,spark,1
Standard_E64s_v5,64,512,1,3.0,3626447,179,group_by,5.9,polars,1
Standard_E64s_v5,64,512,1,30.0,36264474,179,group_by,2674.46,spark,1
Standard_E64s_v5,64,512,1,30.0,36264474,179,group_by,936.06,polars,1
Standard_E64s_v5,64,512,1,1.0,1208815,179,group_by,1.45,spark,1
Standard_E64s_v5,64,512,1,1.0,1208815,179,group_by,2.58,polars,1
Standard_E64s_v5,64,512,1,6.0,7252894,179,group_by,76.22,spark,1
Standard_E64s_v5,64,512,1,6.0,7252894,179,group_by,26.68,polars,1
Standard_E64s_v5,64,512,1,21.0,25385132,179,group_by,1134.09,spark,1
Standard_E64s_v5,64,512,1,21.0,25385132,179,group_by,396.93,polars,1
Standard_E64s_v5,64,512,1,24.0,29011579,179,group_by,1430.24,spark,1
Standard_E64s_v5,64,512,1,24.0,29011579,179,group_by,500.58,polars,1
Standard_E64s_v5,64,512,1,9.0,10879342,179,group_by,180.44,spark,1
Standard_E64s_v5,64,512,1,9.0,10879342,179,group_by,63.15,polars,1
Standard_E64s_v5,64,512,1,9.0,10879342,179,group_by,194.18,spark,1
Standard_E64s_v5,64,512,1,9.0,10879342,179,group_by,67.96,polars,1
Standard_E64s_v5,64,512,1,9.0,10879342,179,group_by,155.72,spark,1
Standard_E64s_v5,64,512,1,9.0,10879342,179,group_by,54.5,polars,1
Standard_E64s_v5,64,512,1,3.0,3626447,179,group_by,15.29,spark,1
Standard_E64s_v5,64,512,1,3.0,3626447,179,group_by,5.35,polars,1
Standard_E64s_v5,64,512,1,30.0,36264474,179,join,589.54,spark,1
Standard_E64s_v5,64,512,1,30.0,36264474,179,join,206.34,polars,1
Standard_E64s_v5,64,512,1,9.0,10879342,179,join,85.38,spark,1
Standard_E64s_v5,64,512,1,9.0,10879342,179,join,29.88,polars,1
Standard_E64s_v5,64,512,1,1.0,1208815,179,join,2.82,spark,1
Standard_E64s_v5,64,512,1,1.0,1208815,179,join,5.63,polars,1
Standard_E64s_v5,64,512,1,21.0,25385132,179,join,348.67,spark,1
Standard_E64s_v5,64,512,1,21.0,25385132,179,join,122.04,polars,1
Standard_E64s_v5,64,512,1,21.0,25385132,179,join,355.14,spark,1
Standard_E64s_v5,64,512,1,21.0,25385132,179,join,124.3,polars,1
Standard_E64s_v5,64,512,1,63.0,76155396,179,join,1522.71,spark,1
Standard_E64s_v5,64,512,1,63.0,76155396,179,join,532.95,polars,1
Standard_E64s_v5,64,512,1,6.0,7252894,179,join,46.52,spark,1
Standard_E64s_v5,64,512,1,6.0,7252894,179,join,16.28,polars,1
Standard_E64s_v5,64,512,1,9.0,10879342,179,join,86.64,spark,1
Standard_E64s_v5,64,512,1,9.0,10879342,179,join,30.33,polars,1
Standard_E64s_v5,64,512,1,6.0,7252894,179,join,48.69,spark,1
Standard_E64s_v5,64,512,1,6.0,7252894,179,join,17.04,polars,1
Standard_E64s_v5,64,512,1,27.0,32638027,179,join,470.97,spark,1
Standard_E64s_v5,64,512,1,27.0,32638027,179,join,164.84,polars,1
Standard_E64s_v5,64,512,1,6.0,7252894,179,join,50.87,spark,1
Standard_E64s_v5,64,512,1,6.0,7252894,179,join,17.8,polars,1
Standard_E64s_v5,64,512,1,1.0,1208815,179,join,3.09,spark,1
Standard_E64s_v5,64,512,1,1.0,1208815,179,join,6.18,polars,1
Standard_E64s_v5,64,512,1,15.0,18132237,179,join,192.12,spark,1
Standard_E64s_v5,64,512,1,15.0,18132237,179,join,67.24,polars,1
Standard_E64s_v5,64,512,1,12.0,14505789,179,join,150.02,spark,1
Standard_E64s_v5,64,512,1,12.0,14505789,179,join,52.51,polars,1
Standard_E64s_v5,64,512,1,3.0,3626447,179,join,15.03,spark,1
Standard_E64s_v5,64,512,1,3.0,3626447,179,join,5.26,polars,1
Standard_E64s_v5,64,512,1,3.0,3626447,179,join,16.06,spark,1
Standard_E64s_v5,64,512,1,3.0,3626447,179,join,5.62,polars,1
Standard_E64s_v5,64,512,1,9.0,10879342,179,join,83.03,spark,1
Standard_E64s_v5,64,512,1,9.0,10879342,179,join,29.06,polars,1
Standard_E64s_v5,64,512,1,3.0,3626447,179,join,17.37,spark,1
Standard_E64s_v5,64,512,1,3.0,3626447,179,join,6.08,polars,1
Standard_E64s_v5,64,512,1,12.0,14505789,179,join,121.45,spark,1
Standard_E64s_v5,64,512,1,12.0,14505789,179,join,42.51,polars,1
Standard_E64s_v5,64,512,1,18.0,21758684,179,join,235.86,spark,1
Standard_E64s_v5,64,512,1,18.0,21758684,179,join,82.55,polars,1
Standard_E64s_v5,64,512,1,42.0,50770264,179,join,925.06,spark,1
Standard_E64s_v5,64,512,1,42.0,50770264,179,join,323.77,polars,1
Standard_E64s_v5,64,512,1,3.0,3626447,179,join,15.61,spark,1
Standard_E64s_v5,64,512,1,3.0,3626447,179,join,5.46,polars,1
Standard_E64s_v5,64,512,1,36.0,43517369,179,join,736.39,spark,1
Standard_E64s_v5,64,512,1,36.0,43517369,179,join,257.74,polars,1
Standard_E64s_v5,64,512,1,3.0,3626447,179,join,15.52,spark,1
Standard_E64s_v5,64,512,1,3.0,3626447,179,join,5.43,polars,1
Standard_E64s_v5,64,512,1,3.0,3626447,179,join,16.18,spark,1
Standard_E64s_v5,64,512,1,3.0,3626447,179,join,5.66,polars,1
Standard_E64s_v5,64,512,1,6.0,7252894,179,join,39.99,spark,1
Standard_E64s_v5,64,512,1,6.0,7252894,179,join,14.0,polars,1
Standard_E64s_v5,64,512,1,9.0,10879342,179,join,82.64,spark,1
Standard_E64s_v5,64,512,1,9.0,10879342,179,join,28.92,polars,1
Standard_E64s_v5,64,512,1,15.0,18132237,179,join,185.35,spark,1
Standard_E64s_v5,64,512,1,15.0,18132237,179,join,64.87,polars,1
Standard_E64s_v5,64,512,1,72.0,87034738,179,join,1800.99,spark,1
Standard_E64s_v5,64,512,1,72.0,87034738,179,join,630.35,polars,1
Standard_E64s_v5,64,512,1,3.0,3626447,179,join,16.03,spark,1
Standard_E64s_v5,64,512,1,3.0,3626447,179,join,5.61,polars,1
Standard_E64s_v5,64,512,1,3.0,3626447,179,join,14.51,spark,1
Standard_E64s_v5,64,512,1,3.0,3626447,179,join,5.08,polars,1
Standard_E64s_v5,64,512,1,1.0,1208815,179,join,2.9,spark,1
Standard_E64s_v5,64,512,1,1.0,1208815,179,join,5.79,polars,1
Standard_E64s_v5,64,512,1,3.0,3626447,179,join,15.91,spark,1
Standard_E64s_v5,64,512,1,3.0,3626447,179,join,5.57,polars,1
Standard_E64s_v5,64,512,1,3.0,3626447,179,join,16.48,spark,1
Standard_E64s_v5,64,512,1,3.0,3626447,179,join,5.77,polars,1
Standard_E64s_v5,64,512,1,1.0,1208815,179,join,2.89,spark,1
Standard_E64s_v5,64,512,1,1.0,1208815,179,join,5.77,polars,1
Standard_E64s_v5,64,512,1,27.0,32638027,179,join,418.9,spark,1
Standard_E64s_v5,64,512,1,27.0,32638027,179,join,146.61,polars,1
Standard_E64s_v5,64,512,1,27.0,32638027,179,join,493.56,spark,1
Standard_E64s_v5,64,512,1,27.0,32638027,179,join,172.75,polars,1
Standard_E64s_v5,64,512,1,1.0,1208815,179,join,2.82,spark,1
Standard_E64s_v5,64,512,1,1.0,1208815,179,join,5.64,polars,1
Standard_E64s_v5,64,512,1,9.0,10879342,179,join,85.91,spark,1
Standard_E64s_v5,64,512,1,9.0,10879342,179,join,30.07,polars,1
Standard_E64s_v5,64,512,1,1.0,1208815,179,join,3.31,spark,1
Standard_E64s_v5,64,512,1,1.0,1208815,179,join,6.63,polars,1
Standard_E64s_v5,64,512,1,3.0,3626447,179,join,17.51,spark,1
Standard_E64s_v5,64,512,1,3.0,3626447,179,join,6.13,polars,1
Standard_E64s_v5,64,512,1,3.0,3626447,179,join,15.96,spark,1
Standard_E64s_v5,64,512,1,3.0,3626447,179,join,5.59,polars,1
Standard_E64s_v5,64,512,1,72.0,87034738,179,union,2048.54,spark,1
Standard_E64s_v5,64,512,1,72.0,87034738,179,union,716.99,polars,1
Standard_E64s_v5,64,512,1,1.0,1208815,179,union,1.66,spark,1
Standard_E64s_v5,64,512,1,1.0,1208815,179,union,3.32,polars,1
Standard_E64s_v5,64,512,1,1.0,1208815,179,union,1.65,spark,1
Standard_E64s_v5,64,512,1,1.0,1208815,179,union,3.29,polars,1
Standard_E64s_v5,64,512,1,3.0,3626447,179,union,11.68,spark,1
Standard_E64s_v5,64,512,1,3.0,3626447,179,union,4.09,polars,1
Standard_E64s_v5,64,512,1,3.0,3626447,179,union,10.75,spark,1
Standard_E64s_v5,64,512,1,3.0,3626447,179,union,3.76,polars,1
Standard_E64s_v5,64,512,1,3.0,3626447,179,union,10.61,spark,1
Standard_E64s_v5,64,512,1,3.0,3626447,179,union,3.71,polars,1
Standard_E64s_v5,64,512,1,6.0,7252894,179,union,30.65,spark,1
Standard_E64s_v5,64,512,1,6.0,7252894,179,union,10.73,polars,1
Standard_E64s_v5,64,512,1,66.0,79781843,179,union,1830.16,spark,1
Standard_E64s_v5,64,512,1,66.0,79781843,179,union,640.56,polars,1
Standard_E64s_v5,64,512,1,3.0,3626447,179,union,10.44,spark,1
Standard_E64s_v5,64,512,1,3.0,3626447,179,union,3.65,polars,1
Standard_E64s_v5,64,512,1,21.0,25385132,179,union,267.5,spark,1
Standard_E64s_v5,64,512,1,21.0,25385132,179,union,93.63,polars,1
Standard_E64s_v5,64,512,1,3.0,3626447,179,union,10.58,spark,1
Standard_E64s_v5,64,512,1,3.0,3626447,179,union,3.7,polars,1
Standard_E64s_v5,64,512,1,6.0,7252894,179,union,31.56,spark,1
Standard_E64s_v5,64,512,1,6.0,7252894,179,union,11.05,polars,1
Standard_E64s_v5,64,512,1,1.0,1208815,179,union,1.74,spark,1
Standard_E64s_v5,64,512,1,1.0,1208815,179,union,3.48,polars,1
Standard_E64s_v5,64,512,1,24.0,29011579,179,union,343.12,spark,1
Standard_E64s_v5,64,512,1,24.0,29011579,179,union,120.09,polars,1
Standard_E64s_v5,64,512,1,36.0,43517369,179,union,705.34,spark,1
Standard_E64s_v5,64,512,1,36.0,43517369,179,union,246.87,polars,1
Standard_E64s_v5,64,512,1,9.0,10879342,179,union,68.14,spark,1
Standard_E64s_v5,64,512,1,9.0,10879342,179,union,23.85,polars,1
Standard_E64s_v5,64,512,1,27.0,32638027,179,union,418.2,spark,1
Standard_E64s_v5,64,512,1,27.0,32638027,179,union,146.37,polars,1
Standard_E64s_v5,64,512,1,6.0,7252894,179,union,33.58,spark,1
Standard_E64s_v5,64,512,1,6.0,7252894,179,union,11.75,polars,1
Standard_E64s_v5,64,512,1,1.0,1208815,179,union,1.87,spark,1
Standard_E64s_v5,64,512,1,1.0,1208815,179,union,3.74,polars,1
Standard_E64s_v5,64,512,1,6.0,7252894,179,union,34.82,spark,1
Standard_E64s_v5,64,512,1,6.0,7252894,179,union,12.19,polars,1
Standard_E64s_v5,64,512,1,1.0,1208815,179,union,1.95,spark,1
Standard_E64s_v5,64,512,1,1.0,1208815,179,union,3.9,polars,1
Standard_E64s_v5,64,512,1,21.0,25385132,179,union,305.57,spark,1
Standard_E64s_v5,64,512,1,21.0,25385132,179,union,106.95,polars,1
Standard_E64s_v5,64,512,1,3.0,3626447,179,union,11.7,spark,1
Standard_E64s_v5,64,512,1,3.0,3626447,179,union,4.1,polars,1
Standard_E64s_v5,64,512,1,1.0,1208815,179,union,1.62,spark,1
Standard_E64s_v5,64,512,1,1.0,1208815,179,union,3.24,polars,1
Standard_E64s_v5,64,512,1,1.0,1208815,179,union,1.73,spark,1
Standard_E64s_v5,64,512,1,1.0,1208815,179,union,3.46,polars,1
Standard_E64s_v5,64,512,1,72.0,87034738,179,union,2189.96,spark,1
Standard_E64s_v5,64,512,1,72.0,87034738,179,union,766.49,polars,1
Standard_E64s_v5,64,512,1,1.0,1208815,179,union,1.71,spark,1
Standard_E64s_v5,64,512,1,1.0,1208815,179,union,3.43,polars,1
Standard_E64s_v5,64,512,1,21.0,25385132,179,union,276.88,spark,1
Standard_E64s_v5,64,512,1,21.0,25385132,179,union,96.91,polars,1
Standard_E64s_v5,64,512,1,45.0,54396711,179,union,1031.61,spark,1
Standard_E64s_v5,64,512,1,45.0,54396711,179,union,361.06,polars,1
Standard_E64s_v5,64,512,1,18.0,21758684,179,union,192.83,spark,1
Standard_E64s_v5,64,512,1,18.0,21758684,179,union,67.49,polars,1
Standard_E64s_v5,64,512,1,6.0,7252894,179,union,32.73,spark,1
Standard_E64s_v5,64,512,1,6.0,7252894,179,union,11.45,polars,1
Standard_E64s_v5,64,512,1,18.0,21758684,179,union,232.31,spark,1
Standard_E64s_v5,64,512,1,18.0,21758684,179,union,81.31,polars,1
Standard_E64s_v5,64,512,1,1.0,1208815,179,union,1.83,spark,1
Standard_E64s_v5,64,512,1,1.0,1208815,179,union,3.48,polars,1
Standard_E64s_v5,64,512,1,12.0,14505789,179,union,113.53,spark,1
Standard_E64s_v5,64,512,1,12.0,14505789,179,union,39.73,polars,1
Standard_E64s_v5,64,512,1,3.0,3626447,179,union,10.82,spark,1
Standard_E64s_v5,64,512,1,3.0,3626447,179,union,3.79,polars,1
Standard_E64s_v5,64,512,1,57.0,68902501,179,union,1345.44,spark,1
Standard_E64s_v5,64,512,1,57.0,68902501,179,union,470.9,polars,1
Standard_E64s_v5,64,512,1,12.0,14505789,179,union,105.97,spark,1
Standard_E64s_v5,64,512,1,12.0,14505789,179,union,37.09,polars,1
Standard_E64s_v5,64,512,1,3.0,3626447,179,union,11.25,spark,1
Standard_E64s_v5,64,512,1,3.0,3626447,179,union,3.94,polars,1